ToolSerialNumber,ParameterSetId,DateOfScrewings,DailyAverageTorqueDelta,DailyAverageAngleDelta
"B5582642      ",3,2022-01-11,0.5274177215189873417721518987,-7.597468354430379746835443038
"F3660289      ",37,2022-01-11,-0.0563432835820895522388059701,-57.291044776119402985074626866
"F3660289      ",14,2022-01-11,0.0214381270903010033444816054,-4852.0702341137123745819397993
"F3660289      ",15,2022-01-11,-0.0017821782178217821782178218,-4962.5445544554455445544554455
"B5582642      ",3,2022-01-12,0.3187940140845070422535211268,-8.453345070422535211267605634
"F3660289      ",37,2022-01-12,-0.3054736842105263157894736842,-40.005263157894736842105263158
"F3660289      ",14,2022-01-12,-0.0545431789737171464330413016,-4863.1326658322903629536921151
"F3660289      ",15,2022-01-12,-0.0054166666666666666666666667,-4961.4583333333333333333333333
"F3660289      ",37,2022-01-13,-0.3076632302405498281786941581,-56.541237113402061855670103093
"F3660289      ",14,2022-01-13,0.0050739773716275021758050479,-4866.0739773716275021758050479
"B5582642      ",3,2022-01-13,0.5551691129546904913848117422,-8.234205488194001276324186343
"F3660289      ",15,2022-01-13,0.0068848167539267015706806283,-4965.2539267015706806282722513
"B5582642      ",3,2022-01-14,0.2696377749029754204398447607,-8.976067270375161707632600259
"F3660289      ",14,2022-01-14,-0.0372793448589626933575978162,-4876.5241128298453139217470428
"F3660289      ",15,2022-01-14,0.026256983240223463687150838,-4968.2206703910614525139664804
"F3660289      ",37,2022-01-14,-0.5265784832451499118165784832,-5.5255731922398589065255731922
"B5582642      ",3,2022-01-15,0.6235501066098081023454157783,-8.00533049040511727078891258
"F3660289      ",37,2022-01-15,-0.0812994350282485875706214689,-18.878531073446327683615819209
"F3660289      ",14,2022-01-15,0.0274643874643874643874643875,-4874.2435897435897435897435897
"F3660289      ",15,2022-01-15,0.0270258620689655172413793103,-4969.8362068965517241379310345
"B5582642      ",3,2022-01-17,0.3923104477611940298507462687,-8.160597014925373134328358209
"F3660289      ",37,2022-01-17,-0.2683968253968253968253968254,-25.941269841269841269841269841
"F3660289      ",14,2022-01-17,-0.0050588235294117647058823529,-4854.8336134453781512605042017
"F3660289      ",15,2022-01-17,-0.0085175879396984924623115578,-4966.419597989949748743718593
"B5582642      ",3,2022-01-16,0.5318604651162790697674418605,-7.6589147286821705426356589147
"B5582642      ",3,2022-01-18,0.2650285351934051997463538364,-8.362079898541534559289790742
"F3660289      ",37,2022-01-18,-0.2962629757785467128027681661,-21.458477508650519031141868512
"F3660289      ",14,2022-01-18,-0.0004880294659300184162062615,-4855.4576427255985267034990792
"F3660289      ",15,2022-01-18,0.0051232876712328767123287671,-4969.427397260273972602739726
"B5582642      ",3,2022-01-19,0.3939250614250614250614250614,-8.136977886977886977886977887
"F3660289      ",14,2022-01-19,-0.0243233743409490333919156415,-4852.7117750439367311072056239
"F3660289      ",15,2022-01-19,0.0274064171122994652406417112,-4962.4385026737967914438502674
"F3660289      ",37,2022-01-19,-0.5872826086956521739130434783,-26.371118012422360248447204969
"B5582642      ",3,2022-01-20,0.2832138364779874213836477987,-8.461635220125786163522012579
"F3660289      ",15,2022-01-20,0.0252989130434782608695652174,-4961.9538043478260869565217391
"F3660289      ",37,2022-01-20,-0.2740518638573743922204213938,-40.119935170178282009724473258
"F3660289      ",14,2022-01-20,0.0244995491433724075743913436,-4856.6122633002705139765554554
"F3660289      ",37,2022-01-21,-0.5995184135977337110481586402,-33.773371104815864022662889518
"B5582642      ",3,2022-01-21,0.37649375,-7.7425
"F3660289      ",14,2022-01-21,0.0406308610400682011935208866,-4822.0750213128729752770673487
"F3660289      ",15,2022-01-21,0.0252806122448979591836734694,-4967.2040816326530612244897959
"F3660289      ",37,2022-01-22,-0.1463513513513513513513513514,-57.699324324324324324324324324
"F3660289      ",14,2022-01-22,0.0395535714285714285714285714,-4822.6979166666666666666666667
"B5582642      ",3,2022-01-22,0.0829807692307692307692307692,-8.098290598290598290598290598
"F3660289      ",15,2022-01-22,0.0351785714285714285714285714,-4961.6517857142857142857142857
"B5582642      ",3,2022-01-23,0.3607894736842105263157894737,-7.850877192982456140350877193
"B5582642      ",3,2022-01-24,0.2027906976744186046511627907,-8.157894736842105263157894737
"F3660289      ",37,2022-01-24,-0.4085576923076923076923076923,-65.766025641025641025641025641
"F3660289      ",14,2022-01-24,0.0186106346483704974271012007,-4826.6037735849056603773584906
"F3660289      ",15,2022-01-24,0.0309844559585492227979274611,-4968.3341968911917098445595855
"F3660289      ",37,2022-01-25,-0.2263157894736842105263157895,-26.843920145190562613430127042
"B5582642      ",3,2022-01-25,-0.1127644652250146113383985973,-8.824663939216832261835184103
"F3660289      ",14,2022-01-25,0.0335943060498220640569395018,-4817.4457295373665480427046263
"F3660289      ",15,2022-01-25,0.0248284960422163588390501319,-4965.5197889182058047493403694
"B5582642      ",3,2022-01-26,0.3759693877551020408163265306,-7.5165816326530612244897959184
"F3660289      ",37,2022-01-26,-0.2856292517006802721088435374,-52.108843537414965986394557823
"F3660289      ",14,2022-01-26,0.0345686619718309859154929577,-4845.1672535211267605633802817
"F3660289      ",15,2022-01-26,0.0265706806282722513089005236,-4964.5026178010471204188481675
"F3660289      ",37,2022-01-27,-0.337336683417085427135678392,-8.664991624790619765494137353
"F3660289      ",14,2022-01-27,0.0395549738219895287958115183,-4853.8385689354275741710296684
"B5582642      ",3,2022-01-27,-0.1370591787439613526570048309,-8.235507246376811594202898551
"F3660289      ",15,2022-01-27,0.0269712793733681462140992167,-4963.4255874673629242819843342
"F3660289      ",37,2022-01-28,-0.3327962085308056872037914692,-36.644549763033175355450236967
"F3660289      ",14,2022-01-28,0.0307672413793103448275862069,-4867.6741379310344827586206897
"B5582642      ",3,2022-01-28,0.2164745972738537794299876084,-7.6232961586121437422552664188
"F3660289      ",15,2022-01-28,0.0152971576227390180878552972,-4965.8242894056847545219638243
"F3660289      ",37,2022-01-29,-0.323125,-56.43125
"B5582642      ",3,2022-01-29,0.368828125,-7.65625
"F3660289      ",14,2022-01-29,0.0262807017543859649122807018,-4878.677192982456140350877193
"B5582642      ",3,2022-01-31,0.037307012374779021803182086,-8.011196228638774307601649971
"F3660289      ",37,2022-01-31,-0.4636423841059602649006622517,-28.384105960264900662251655629
"F3660289      ",14,2022-01-31,0.0123116438356164383561643836,-4870.4974315068493150684931507
"F3660289      ",15,2022-01-31,0.0174484536082474226804123711,-4961.5798969072164948453608247
"B5582642      ",3,2022-02-01,-0.0551715374841168996188055909,-8.049555273189326556543837357
"F3660289      ",37,2022-02-01,-0.266976,-49.2672
"F3660289      ",14,2022-02-01,0.0237812789620018535681186284,-4881.3132530120481927710843373
"F3660289      ",15,2022-02-01,0.0341899441340782122905027933,-4963.2765363128491620111731844
"B5582642      ",3,2022-02-02,0.1551415984896161107614852108,-7.057268722466960352422907489
"F3660289      ",37,2022-02-02,-0.3823064770932069510268562401,-16.563981042654028436018957346
"F3660289      ",14,2022-02-02,0.032486338797814207650273224,-4862.9963570127504553734061931
"F3660289      ",15,2022-02-02,0.0319178082191780821917808219,-4968.8986301369863013698630137
"B5582642      ",3,2022-02-03,0.1556576463184392699811202014,-7.1409691629955947136563876652
"F3660289      ",37,2022-02-03,-0.4090220820189274447949526814,-15.473186119873817034700315457
"F3660289      ",14,2022-02-03,0.0222072072072072072072072072,-4863.7306306306306306306306306
"F3660289      ",15,2022-02-03,0.0012332439678284182305630027,-4968.0643431635388739946380697
"F3660289      ",15,2022-02-04,0.0301366120218579234972677596,-4973.1338797814207650273224044
"B5582642      ",3,2022-02-04,0.0378320802005012531328320802,-7.6923558897243107769423558897
"F3660289      ",37,2022-02-04,-0.352679640718562874251497006,-15.405688622754491017964071856
"F3660289      ",14,2022-02-04,0.0378402903811252268602540835,-4863.2531760435571687840290381
"B5582642      ",3,2022-02-05,0.2722427440633245382585751979,-8.100263852242744063324538259
"F3660289      ",37,2022-02-05,-0.3176829268292682926829268293,-70.018292682926829268292682927
"F3660289      ",14,2022-02-05,0.0426819923371647509578544061,-4856.9195402298850574712643678
"B5582642      ",3,2022-02-07,0.14479375,-7.860625
"F3660289      ",37,2022-02-07,-0.2904628330995792426367461431,-57.785413744740532959326788219
"F3660289      ",14,2022-02-07,0.0337027264731750219876868953,-4881.399296394019349164467898
"F3660289      ",15,2022-02-07,0.0238888888888888888888888889,-4969.7195767195767195767195767
"B5582642      ",3,2022-02-08,0.1540186335403726708074534161,-7.3658385093167701863354037267
"F3660289      ",37,2022-02-08,-0.2656994047619047619047619048,-47.892857142857142857142857143
"F3660289      ",14,2022-02-08,0.0296545768566493955094991364,-4883.7314335060449050086355786
"F3660289      ",15,2022-02-08,0.0245854922279792746113989637,-4969.4611398963730569948186528
"B5582642      ",3,2022-02-06,0.3405714285714285714285714286,-6.7285714285714285714285714286
"F3660289      ",14,2022-02-06,0.0361320754716981132075471698,-4875.7452830188679245283018868
"B5582642      ",3,2022-02-09,-0.0536258379037172455819622182,-7.6508226691042047531992687386
"F3660289      ",37,2022-02-09,-0.2713938411669367909238249595,-57.740680713128038897893030794
"F3660289      ",14,2022-02-09,-0.0099139414802065404475043029,-4874.5378657487091222030981067
"F3660289      ",15,2022-02-09,0.0311023622047244094488188976,-4966.9238845144356955380577428
"B5582642      ",3,2022-02-10,0.23418125,-7.670625
"F3660289      ",37,2022-02-10,-0.2063149847094801223241590214,-57.033639143730886850152905199
"F3660289      ",14,2022-02-10,0.0032842287694974003466204506,-4880.8587521663778162911611785
"F3660289      ",15,2022-02-10,-0.0044041450777202072538860104,-4973.6191709844559585492227979
"F3660289      ",37,2022-02-11,-0.2096460176991150442477876106,-56.656342182890855457227138643
"B5582642      ",3,2022-02-11,0.3634665833853841349156777014,-7.3247970018738288569643972517
"F3660289      ",14,2022-02-11,-0.0198658843252305113160100587,-4884.1726739312657166806370495
"F3660289      ",15,2022-02-11,-0.0173134328358208955223880597,-4971.8109452736318407960199005
"B5582642      ",3,2022-02-12,0.3206236323851203501094091904,-7.933260393873085339168490153
"F3660289      ",37,2022-02-12,-0.3505527638190954773869346734,-54.618090452261306532663316583
"F3660289      ",14,2022-02-12,0.0087993920972644376899696049,-4883.4437689969604863221884498
"F3660289      ",15,2022-02-12,0.0087330316742081447963800905,-4965.3212669683257918552036199
"B5582642      ",3,2022-02-14,0.0511482939632545931758530184,-7.8169291338582677165354330709
"F3660289      ",14,2022-02-14,-0.036349065004452359750667854,-4860.5734639358860195903829029
"F3660289      ",15,2022-02-14,0.0199455040871934604904632153,-4969.1444141689373297002724796
"F3660289      ",37,2022-02-14,-0.1948807339449541284403669725,-47.456880733944954128440366972
"F3660289      ",37,2022-02-15,-0.4569284467713787085514834206,0.6055846422338568935427574171
"B5582642      ",3,2022-02-15,0.1034319899244332493702770781,-7.936397984886649874055415617
"F3660289      ",14,2022-02-15,-0.0157332155477031802120141343,-4863.6651943462897526501766784
"F3660289      ",15,2022-02-15,0.013252688172043010752688172,-4965.8978494623655913978494624
"B5582642      ",3,2022-02-13,0.3518095238095238095238095238,-6.7619047619047619047619047619
"B5582642      ",3,2022-02-16,0.1463276836158192090395480226,-7.4092906465787821720025109856
"F3660289      ",37,2022-02-16,-0.3507761732851985559566787004,-48.821299638989169675090252708
"F3660289      ",14,2022-02-16,-0.0133390119250425894378194208,-4874.7325383304940374787052811
"F3660289      ",15,2022-02-16,0.026596858638743455497382199,-4970.1963350785340314136125654
"B5582642      ",3,2022-02-17,0.2439882888744307091737150293,-7.3279115159401431359791802212
"F3660289      ",37,2022-02-17,-0.4383739837398373983739837398,-19.663414634146341463414634146
"F3660289      ",14,2022-02-17,-0.012917030567685589519650655,-4873.9056768558951965065502183
"F3660289      ",15,2022-02-17,-0.0507272727272727272727272727,-4965.4025974025974025974025974
"B5582642      ",3,2022-02-18,0.3176071657069737683941138836,-7.0914907229686500319897632758
"F3660289      ",37,2022-02-18,-0.3370333333333333333333333333,-39.54
"F3660289      ",14,2022-02-18,0.0108994708994708994708994709,-4871.1657848324514991181657848
"F3660289      ",15,2022-02-18,-0.0055091383812010443864229765,-4968.8746736292428198433420366
"F3660289      ",14,2022-02-19,-0.026402985074626865671641791,-4870.5552238805970149253731343
"F3660289      ",15,2022-02-19,0.0304147465437788018433179724,-4970.115207373271889400921659
"B5582642      ",3,2022-02-19,0.1120972972972972972972972973,-7.8464864864864864864864864865
"F3660289      ",37,2022-02-19,-0.3547678018575851393188854489,-41.950464396284829721362229102
"F3660289      ",14,2022-02-21,0.0174504737295434969853574505,-4875.4134366925064599483204134
"F3660289      ",15,2022-02-21,0.0235064935064935064935064935,-4969.8987012987012987012987013
"B5582642      ",3,2022-02-21,0.0869704433497536945812807882,-7.2543103448275862068965517241
"F3660289      ",37,2022-02-21,-0.3166056572379367720465890183,-33.718801996672212978369384359
"B5582642      ",3,2022-02-20,-0.0747297297297297297297297297,-8.493243243243243243243243243
"F3660289      ",14,2022-02-20,0.0013461538461538461538461538,-4860.8557692307692307692307692
"B5582642      ",3,2022-02-22,0.3299491417673235855054036872,-7.6764144945963127781309599491
"F3660289      ",14,2022-02-22,0.0079982593559617058311575283,-4849.9364664926022628372497824
"F3660289      ",15,2022-02-22,-0.002931937172774869109947644,-4970.3821989528795811518324607
"F3660289      ",37,2022-02-22,-0.2567594108019639934533551555,-36.121112929623567921440261866
"B5582642      ",3,2022-02-23,0.4461025641025641025641025641,-7.7288461538461538461538461538
"F3660289      ",37,2022-02-23,-0.3982286634460547504025764895,-38.600644122383252818035426731
"F3660289      ",14,2022-02-23,0.0030407801418439716312056738,-4869.9317375886524822695035461
"F3660289      ",15,2022-02-23,0.0183914209115281501340482574,-4969.9597855227882037533512064
"B5582642      ",3,2022-02-24,0.0178159580663948747815958066,-8.402446126965637740244612697
"F3660289      ",37,2022-02-24,-0.3908012820512820512820512821,-33.203525641025641025641025641
"F3660289      ",14,2022-02-24,0.0153754266211604095563139932,-4889.0554607508532423208191126
"F3660289      ",15,2022-02-24,-0.0108564231738035264483627204,-4970.6246851385390428211586902
"B5582642      ",3,2022-02-25,0.4267278287461773700305810398,-7.1761467889908256880733944954
"F3660289      ",14,2022-02-25,0.0303166666666666666666666667,-4899.6391666666666666666666667
"F3660289      ",15,2022-02-25,0.0363567839195979899497487437,-4970.4070351758793969849246231
"F3660289      ",37,2022-02-25,-0.144125,-59.267857142857142857142857143
"B5582642      ",3,2022-02-26,0.3098745519713261648745519713,-7.7894265232974910394265232975
"F3660289      ",37,2022-02-26,-0.3053075170842824601366742597,-67.799544419134396355353075171
"F3660289      ",14,2022-02-26,0.0235776397515527950310559006,-4868.8981366459627329192546584
"F3660289      ",15,2022-02-26,0.03363295880149812734082397,-4974.1273408239700374531835206
"F3660289      ",14,2022-02-28,0.023664921465968586387434555,-4882.4982547993019197207678883
"F3660289      ",15,2022-02-28,0.0231052631578947368421052632,-4971.9368421052631578947368421
"B5582642      ",3,2022-02-28,0.2609461966604823747680890538,-8.039579468150896722325293754
"F3660289      ",37,2022-02-28,-0.4202393162393162393162393162,-25.723076923076923076923076923
"B5582642      ",3,2022-02-27,-0.0217808219178082191780821918,-8.342465753424657534246575342
"F3660289      ",37,2022-03-01,-0.1805783582089552238805970149,-45.660447761194029850746268657
"B5582642      ",3,2022-03-01,0.3765808823529411764705882353,-7.9178921568627450980392156863
"F3660289      ",14,2022-03-01,0.0283945345858240819812126388,-4866.6379163108454312553373185
"F3660289      ",15,2022-03-01,0.0260154241645244215938303342,-4969.6015424164524421593830334
"F3660289      ",14,2022-03-02,0.0333746898263027295285359801,-4870.7857733664185277088502895
"F3660289      ",15,2022-03-02,0.0226108374384236453201970443,-4964.8842364532019704433497537
"F3660289      ",37,2022-03-02,-0.320647619047619047619047619,-42.327619047619047619047619048
"B5582642      ",3,2022-03-02,0.4621177184466019417475728155,-7.5012135922330097087378640777
"F3660289      ",37,2022-03-03,-0.1453170731707317073170731707,-65.1
"B5582642      ",3,2022-03-03,0.0488449848024316109422492401,-8.117325227963525835866261398
"F3660289      ",14,2022-03-03,0.0324247787610619469026548673,-4841.6522123893805309734513274
"F3660289      ",15,2022-03-03,-0.0275128205128205128205128205,-4962.0076923076923076923076923
"F3660289      ",37,2022-03-04,-0.1765073529411764705882352941,-62.674632352941176470588235294
"B5582642      ",3,2022-03-04,0.4677608297742525930445393533,-7.6784624771201952410006101281
"F3660289      ",14,2022-03-04,-0.0200812347684809098294069862,-4828.4329813160032493907392364
"F3660289      ",15,2022-03-04,0.0191154791154791154791154791,-4965.4250614250614250614250614
"B5582642      ",3,2022-03-05,0.6313351498637602179836512262,-7.283378746594005449591280654
"F3660289      ",14,2022-03-05,0.0295238095238095238095238095,-4813.8791208791208791208791209
"F3660289      ",37,2022-03-05,-0.1623931623931623931623931624,-73.478632478632478632478632479
"B5582642      ",3,2022-03-06,-1.1141436464088397790055248619,-11.370165745856353591160220994
"B5582642      ",3,2022-03-07,0.6054056695992179863147605083,-7.9090909090909090909090909091
"F3660289      ",14,2022-03-06,0.0381481481481481481481481481,-4845.7222222222222222222222222
"F3660289      ",37,2022-03-07,-0.5139423076923076923076923077,-4.733974358974358974358974359
"F3660289      ",14,2022-03-07,-0.0363968668407310704960835509,-4838.372062663185378590078329
"F3660289      ",15,2022-03-07,0.0042629482071713147410358566,-4966.7330677290836653386454183
"B5582642      ",3,2022-03-08,0.5770411985018726591760299625,-7.5418227215980024968789013733
"F3660289      ",14,2022-03-08,-0.0218734177215189873417721519,-4829.8869198312236286919831224
"F3660289      ",15,2022-03-08,0.0210824742268041237113402062,-4962.2835051546391752577319588
"F3660289      ",37,2022-03-08,-0.2329539295392953929539295393,-64.338753387533875338753387534
"B5582642      ",3,2022-03-09,0.5161878109452736318407960199,-7.7431592039800995024875621891
"F3660289      ",37,2022-03-09,-0.1033041575492341356673960613,-19.702407002188183807439824945
"F3660289      ",14,2022-03-09,0.0255968858131487889273356401,-4816.8468858131487889273356401
"F3660289      ",15,2022-03-09,-0.0092802056555269922879177378,-4962.9845758354755784061696658
"F3660289      ",37,2022-03-10,-0.28,-53.416475972540045766590389016
"F3660289      ",14,2022-03-10,-0.0020924149956408020924149956,-4835.6634699215344376634699215
"F3660289      ",15,2022-03-10,0.0231578947368421052631578947,-4967.7473684210526315789473684
"B5582642      ",3,2022-03-10,0.3954701397712833545108005083,-7.5940279542566709021601016518
"B5582642      ",3,2022-03-11,0.225685800604229607250755287,-7.8561933534743202416918429003
"F3660289      ",37,2022-03-11,-0.2295306122448979591836734694,-43.234693877551020408163265306
"F3660289      ",14,2022-03-11,-0.0114101461736887360275150473,-4832.2665520206362854686156492
"F3660289      ",15,2022-03-11,-0.0128756476683937823834196891,-4968.9170984455958549222797927
"F3660289      ",37,2022-03-12,-0.4792380952380952380952380952,-55.428571428571428571428571429
"F3660289      ",14,2022-03-12,0.0358188153310104529616724739,-4836.282229965156794425087108
"B5582642      ",3,2022-03-12,0.1799271844660194174757281553,-8.247572815533980582524271845
"F3660289      ",37,2022-03-16,-0.3328837209302325581395348837,-41.381395348837209302325581395
"F3660289      ",14,2022-03-16,-0.0066818181818181818181818182,-4813.3045454545454545454545455
"F3660289      ",15,2022-03-16,0.0111034482758620689655172414,-4958.5379310344827586206896552
"B5582642      ",3,2022-03-16,0.1017109634551495016611295681,-8.174418604651162790697674419
"F3660289      ",14,2022-03-17,-0.0104214559386973180076628352,-4822.0076628352490421455938697
"B5582642      ",3,2022-03-17,-0.3114921465968586387434554974,-8.764397905759162303664921466
"F3660289      ",37,2022-03-17,-0.2728205128205128205128205128,-41.863247863247863247863247863
"F3660289      ",14,2022-03-18,-0.0126666666666666666666666667,-4799.1333333333333333333333333
"F3660289      ",15,2022-03-18,-0.0266272189349112426035502959,-4970.8816568047337278106508876
"B5582642      ",3,2022-03-18,-0.4384472049689440993788819876,-9.40993788819875776397515528
"F3660289      ",37,2022-03-18,-0.1653418803418803418803418803,-53.88034188034188034188034188
"B5582642      ",3,2022-03-19,0.18375,-8.1359375
"F3660289      ",37,2022-03-19,-0.2028571428571428571428571429,-26.095238095238095238095238095
"F3660289      ",14,2022-03-19,-0.019161147902869757174392936,-4819.5055187637969094922737307
"F3660289      ",15,2022-03-19,-0.0120945945945945945945945946,-4963.6756756756756756756756757
"F3660289      ",37,2022-03-21,-0.1767479674796747967479674797,-48.447154471544715447154471545
"F3660289      ",14,2022-03-21,-0.1197363465160075329566854991,-4791.7532956685499058380414313
"F3660289      ",15,2022-03-21,-0.0120238095238095238095238095,-4961.8214285714285714285714286
"B5582642      ",3,2022-03-21,-0.0723513139695712309820193638,-8.426002766251728907330567082
"B5582642      ",3,2022-03-22,-0.1330853994490358126721763085,-8.880165289256198347107438017
"F3660289      ",37,2022-03-22,-0.309507389162561576354679803,-36.270935960591133004926108374
"F3660289      ",14,2022-03-22,-0.0306563706563706563706563707,-4802.511583011583011583011583
"F3660289      ",15,2022-03-22,-0.0152046783625730994152046784,-4964.0175438596491228070175439
"B5582642      ",3,2022-03-23,0.3248907563025210084033613445,-8.127731092436974789915966387
"F3660289      ",14,2022-03-23,-0.0242070484581497797356828194,-4784.3149779735682819383259912
"F3660289      ",15,2022-03-23,0.0159183673469387755102040816,-4959.9251700680272108843537415
"F3660289      ",37,2022-03-23,-0.4335567010309278350515463918,-68.72680412371134020618556701
"F3660289      ",37,2022-03-24,-0.090230414746543778801843318,-45.672811059907834101382488479
"F3660289      ",14,2022-03-24,-0.0232755632582322357019064125,-4805.731369150779896013864818
"F3660289      ",15,2022-03-24,-0.0115183246073298429319371728,-4958.2356020942408376963350785
"B5582642      ",3,2022-03-24,0.5218034993270524899057873486,-7.5746971736204576043068640646
"B5582642      ",3,2022-03-25,-0.5472741679873217115689381933,-9.922345483359746434231378764
"F3660289      ",37,2022-03-25,-0.1526907630522088353413654618,-91.68273092369477911646586345
"F3660289      ",14,2022-03-25,0.0239879759519038076152304609,-4812.7474949899799599198396794
"F3660289      ",15,2022-03-25,0.0309756097560975609756097561,-4968.5609756097560975609756098
"F3660289      ",14,2022-03-26,-0.0452919708029197080291970803,-4819.5565693430656934306569343
"F3660289      ",15,2022-03-26,-0.0085082872928176795580110497,-4959.6519337016574585635359116
"F3660289      ",37,2022-03-26,-0.485080385852090032154340836,-82.05466237942122186495176849
"F3660289      ",37,2022-03-28,-0.2291338582677165354330708661,-43.165354330708661417322834646
"F3660289      ",14,2022-03-28,-0.0012260536398467432950191571,-4812.2241379310344827586206897
"F3660289      ",15,2022-03-28,0.0210465116279069767441860465,-4961.7616279069767441860465116
"F3660289      ",14,2022-03-29,-0.027785467128027681660899654,-4812.4723183391003460207612457
"F3660289      ",15,2022-03-29,0.0377540106951871657754010695,-4962.4973262032085561497326203
"F3660289      ",37,2022-03-29,-0.2472200772200772200772200772,-90.07335907335907335907335907
"F3660289      ",37,2022-03-30,-0.0740086206896551724137931034,-58.849137931034482758620689655
"F3660289      ",15,2022-03-30,0.0249450549450549450549450549,-4953.1538461538461538461538462
"F3660289      ",14,2022-03-30,0.0106181818181818181818181818,-4820.9181818181818181818181818
"F3660289      ",14,2022-03-31,-0.0299177631578947368421052632,-4814.5657894736842105263157895
"F3660289      ",15,2022-03-31,-0.0223529411764705882352941176,-4959.9313725490196078431372549
"F3660289      ",37,2022-03-31,-0.2515430267062314540059347181,-38.047477744807121661721068249
"F3660289      ",37,2022-04-01,-0.5852707581227436823104693141,-81.93501805054151624548736462
"F3660289      ",14,2022-04-01,0.0011619718309859154929577465,-4811.0334507042253521126760563
"F3660289      ",15,2022-04-01,0.0283957219251336898395721925,-4965.491978609625668449197861
"F3660289      ",37,2022-04-04,-0.2017924528301886792452830189,-61.289308176100628930817610063
"F3660289      ",14,2022-04-04,-0.0276687116564417177914110429,-4863.2285276073619631901840491
"F3660289      ",15,2022-04-04,0.0141395348837209302325581395,-4966.8976744186046511627906977
"F3660289      ",37,2022-04-05,-0.1440192926045016077170418006,-54.987138263665594855305466238
"F3660289      ",14,2022-04-05,-0.0124888888888888888888888889,-4831.7185185185185185185185185
"F3660289      ",15,2022-04-05,-0.0119730941704035874439461883,-4967.5829596412556053811659193
"F3660289      ",37,2022-04-06,-0.4914440433212996389891696751,-38.415162454873646209386281588
"F3660289      ",14,2022-04-06,-0.0093261868300153139356814701,-4838.1990811638591117917304747
"F3660289      ",15,2022-04-06,0.0083255813953488372093023256,-4961.3348837209302325581395349
"F3660289      ",37,2022-04-07,-0.2386046511627906976744186047,-34.457364341085271317829457364
"F3660289      ",14,2022-04-07,-0.0157580398162327718223583461,-4812.5712098009188361408882083
"F3660289      ",15,2022-04-07,0.025813953488372093023255814,-4963.6
"B5582642      ",3,2022-04-07,0.05241054613935969868173258,-8.386064030131826741996233522
"F3660289      ",37,2022-04-08,-0.1528787878787878787878787879,-58.448484848484848484848484848
"B5582642      ",3,2022-04-08,0.2484110169491525423728813559,-8.125
"F3660289      ",14,2022-04-08,0.0323760932944606413994169096,-4843.4446064139941690962099125
"F3660289      ",15,2022-04-08,0.0148484848484848484848484848,-4970.9350649350649350649350649
"B5582642      ",3,2022-04-19,0.1060812086874409820585457979,-7.9150141643059490084985835694
"F3660289      ",37,2022-04-19,-0.1275942028985507246376811594,-61.40289855072463768115942029
"F3660289      ",14,2022-04-19,0.02619647355163727959697733,-4852.3564231738035264483627204
"F3660289      ",15,2022-04-19,0.0338167938931297709923664122,-4961.2137404580152671755725191
"F3660289      ",15,2022-04-20,0.0348984771573604060913705584,-4967.8705583756345177664974619
"B5582642      ",3,2022-04-20,0.245553470919324577861163227,-7.402751719824890556597873671
"F3660289      ",37,2022-04-20,-0.0892145593869731800766283525,-55.289272030651340996168582375
"F3660289      ",14,2022-04-20,0.0336057287278854254422914912,-4861.4035383319292333614153328
"B5582642      ",3,2022-04-21,0.2031426775612822124450031427,-8.082966687617850408548082967
"F3660289      ",37,2022-04-21,-0.0944081632653061224489795918,-68.793877551020408163265306122
"F3660289      ",14,2022-04-21,0.0267652027027027027027027027,-4875.8555743243243243243243243
"F3660289      ",15,2022-04-21,0.0225954198473282442748091603,-4971.9185750636132315521628499
"F3660289      ",14,2022-04-22,0.033015873015873015873015873,-4873.5371762740183792815371763
"F3660289      ",15,2022-04-22,0.0283417085427135678391959799,-4973.5427135678391959798994975
"B5582642      ",3,2022-04-22,0.0710912453760789149198520345,-7.8970406905055487053020961776
"F3660289      ",37,2022-04-22,-0.1322627737226277372262773723,-64.233576642335766423357664234
"B5582642      ",3,2022-04-23,0.3102,-7.4775
"F3660289      ",37,2022-04-23,-0.163064516129032258064516129,-49.701612903225806451612903226
"F3660289      ",14,2022-04-23,0.0436769759450171821305841924,-4902.0412371134020618556701031
"F3660289      ",14,2022-04-25,0.0100419463087248322147651007,-4873.2709731543624161073825503
"F3660289      ",15,2022-04-25,0.0299240506329113924050632911,-4975.4734177215189873417721519
"B5582642      ",3,2022-04-25,0.0369141813755325623858794887,-7.8514911746804625684723067559
"F3660289      ",37,2022-04-25,-0.2107470288624787775891341256,-74.456706281833616298811544992
"B5582642      ",3,2022-04-24,0.0814492753623188405797101449,-8.362318840579710144927536232
"B5582642      ",3,2022-04-26,-0.2906804733727810650887573964,-8.786982248520710059171597633
"F3660289      ",37,2022-04-26,-0.2289713322091062394603709949,-61.482293423271500843170320405
"F3660289      ",14,2022-04-26,0.0062627118644067796610169492,-4902.5389830508474576271186441
"F3660289      ",15,2022-04-26,0.0268797953964194373401534527,-4975.9104859335038363171355499
"B5582642      ",3,2022-04-27,-0.029391191709844559585492228,-8.155440414507772020725388601
"F3660289      ",14,2022-04-27,0.0375067506750675067506750675,-4890.2790279027902790279027903
"F3660289      ",15,2022-04-27,0.0252702702702702702702702703,-4968.727027027027027027027027
"F3660289      ",37,2022-04-27,-0.086834170854271356783919598,-72.854271356783919597989949749
"B5582642      ",3,2022-04-28,0.0551082802547770700636942675,-8.124840764331210191082802548
"F3660289      ",37,2022-04-28,-0.2339344262295081967213114754,-73.177595628415300546448087432
"F3660289      ",14,2022-04-28,0.0069095697980684811237928007,-4870.6356453028972783143107989
"F3660289      ",15,2022-04-28,0.0222572178477690288713910761,-4967.125984251968503937007874
"B5582642      ",3,2022-04-29,0.0250060679611650485436893204,-8.194781553398058252427184466
"F3660289      ",14,2022-04-29,0.0367057837384744341994970662,-4873.4819782062028499580888516
"F3660289      ",15,2022-04-29,0.0317380352644836272040302267,-4965.3702770780856423173803526
"F3660289      ",37,2022-04-29,-0.1194520547945205479452054795,-77.764383561643835616438356164
"F3660289      ",37,2022-04-30,-0.060234375,-80.3359375
"B5582642      ",3,2022-04-30,0.1746183953033268101761252446,-8.471624266144814090019569472
"F3660289      ",14,2022-04-30,0.0066666666666666666666666667,-4876.0080645161290322580645161
"F3660289      ",15,2022-04-30,0.0000793650793650793650793651,-4962.8253968253968253968253968
"B5582642      ",3,2022-05-02,-0.1447607843137254901960784314,-8.641568627450980392156862745
"F3660289      ",37,2022-05-02,-0.1177740863787375415282392027,-62.428571428571428571428571429
"F3660289      ",14,2022-05-02,0.0306919642857142857142857143,-4882.6194196428571428571428571
"F3660289      ",15,2022-05-02,0.0278523489932885906040268456,-4968.8288590604026845637583893
"B5582642      ",3,2022-05-03,-0.033849323131253678634490877,-8.728075338434373160682754562
"F3660289      ",37,2022-05-03,-0.1975779376498800959232613909,-68.587529976019184652278177458
"F3660289      ",14,2022-05-03,-0.0035869565217391304347826087,-4886.9782608695652173913043478
"F3660289      ",15,2022-05-03,0.0258227848101265822784810127,-4965.1949367088607594936708861
"B5582642      ",3,2022-05-04,0.1179760479041916167664670659,-8.084431137724550898203592814
"F3660289      ",37,2022-05-04,-0.3314316702819956616052060738,-30.789587852494577006507592191
"F3660289      ",14,2022-05-04,-0.0004278523489932885906040268,-4893.7625838926174496644295302
"F3660289      ",15,2022-05-04,0.0146851385390428211586901763,-4961.8715365239294710327455919
"B5582642      ",3,2022-05-05,0.0255675675675675675675675676,-8.085285285285285285285285285
"F3660289      ",37,2022-05-05,-0.3312200435729847494553376906,-39.795206971677559912854030501
"F3660289      ",14,2022-05-05,0.0142760372565622353937341236,-4900.9246401354784081287044877
"F3660289      ",15,2022-05-05,0.0298205128205128205128205128,-4964.574358974358974358974359
"B5582642      ",3,2022-05-06,0.0482250580046403712296983759,-8.038283062645011600928074246
"F3660289      ",37,2022-05-06,-0.0992338709677419354838709677,-46.677419354838709677419354839
"F3660289      ",14,2022-05-06,0.0133361064891846921797004992,-4897.9409317803660565723793677
"F3660289      ",15,2022-05-06,0.0304271356783919597989949749,-4956.6206030150753768844221106
"B5582642      ",3,2022-05-07,0.1310204081632653061224489796,-7.5306122448979591836734693878
"F3660289      ",37,2022-05-07,-0.1154347826086956521739130435,-64.557971014492753623188405797
"F3660289      ",14,2022-05-07,-0.0100684931506849315068493151,-4891.1164383561643835616438356
"B5582642      ",3,2022-05-08,-0.9396103896103896103896103896,-10.071428571428571428571428571
"B5582642      ",3,2022-05-09,-0.0943240159726183685111237878,-8.276098117512835139760410724
"F3660289      ",14,2022-05-09,0.0311817440912795436022819886,-4902.7889160554197229013854931
"F3660289      ",15,2022-05-09,0.0180440097799511002444987775,-4962.1613691931540342298288509
"F3660289      ",37,2022-05-09,-0.1420338983050847457627118644,-71.412429378531073446327683616
"B5582642      ",3,2022-05-10,-0.1675680370584829183555298205,-8.27099015634047481181239143
"F3660289      ",37,2022-05-10,-0.1229622266401590457256461233,-66.890656063618290258449304175
"F3660289      ",14,2022-05-10,0.0165778517901748542880932556,-4902.3730224812656119900083264
"F3660289      ",15,2022-05-10,0.0056,-4971.2975
"B5582642      ",3,2022-05-11,-0.3440116959064327485380116959,-8.638596491228070175438596491
"F3660289      ",37,2022-05-11,-0.1374621212121212121212121212,-68.962121212121212121212121212
"F3660289      ",14,2022-05-11,-0.0042978003384094754653130288,-4902.8037225042301184433164129
"F3660289      ",15,2022-05-11,0.0251794871794871794871794872,-4970.4333333333333333333333333
"B5582642      ",3,2022-05-12,0.0482338461538461538461538462,-7.4775384615384615384615384615
"F3660289      ",14,2022-05-12,-0.0040154109589041095890410959,-4893.7953767123287671232876712
"F3660289      ",15,2022-05-12,0.0258031088082901554404145078,-4956.5803108808290155440414508
"F3660289      ",37,2022-05-12,-0.1067366412213740458015267176,-64.43129770992366412213740458
"F3660289      ",14,2022-05-13,0.0106174089068825910931174089,-4908.6194331983805668016194332
"F3660289      ",37,2022-05-13,-0.2121218487394957983193277311,-41.203781512605042016806722689
"F3660289      ",15,2022-05-13,0.0205454545454545454545454545,-4963.5454545454545454545454545
"B5582642      ",3,2022-05-13,-0.439277515192437542201215395,-8.48548278190411883862255233
"B5582642      ",3,2022-05-23,-0.2016874628639334521687462864,-7.6191325014854426619132501485
"F3660289      ",37,2022-05-23,-0.0261904761904761904761904762,-85.18831168831168831168831169
"F3660289      ",14,2022-05-23,-0.0215983606557377049180327869,-4902.9877049180327868852459016
"F3660289      ",15,2022-05-23,-0.0302735562310030395136778116,-4978.2705167173252279635258359
"B5582642      ",3,2022-05-22,-0.5877241379310344827586206897,-7.95172413793103448275862069
"B5582642      ",3,2022-05-24,-0.5401000555864369093941078377,-8.888271261812117843246247916
"B5582642      ",3,2022-05-25,-0.2087807097361237488626023658,-8.166515013648771610555050045
"B5582642      ",3,2022-05-26,0.243879680785758133824432167,-7.5193370165745856353591160221
"B5582642      ",3,2022-05-27,-0.091136950904392764857881137,-7.8656330749354005167958656331
"F3660289      ",14,2022-06-07,0.0214285714285714285714285714,-4899.9513343799058084772370487
"F3660289      ",15,2022-06-07,-0.0026851851851851851851851852,-4966.4305555555555555555555556
"B5582642      ",3,2022-06-07,-0.0179896462467644521138912856,-6.7722174288179465056082830026
"F3660289      ",37,2022-06-07,-0.2785714285714285714285714286,-41.711111111111111111111111111
"F3660289      ",37,2022-06-08,-0.2766561014263074484944532488,-31.988906497622820919175911252
"F3660289      ",14,2022-06-08,0.0280017079419299743808710504,-4891.4047822374039282664389411
"B5582642      ",3,2022-06-08,0.0236253041362530413625304136,-7.4616788321167883211678832117
"F3660289      ",15,2022-06-08,0.0020707070707070707070707071,-4967.3080808080808080808080808
"B5582642      ",3,2022-06-09,0.0684624846248462484624846248,-7.1340713407134071340713407134
"F3660289      ",37,2022-06-09,-0.0491312741312741312741312741,-67.675675675675675675675675676
"F3660289      ",14,2022-06-09,-0.0012822719449225473321858864,-4881.7117039586919104991394148
"F3660289      ",15,2022-06-09,0.0201832460732984293193717277,-4953.8534031413612565445026178
"B5582642      ",3,2022-06-10,0.0769871402327005511328842621,-7.4464176362522963870177587263
"F3660289      ",14,2022-06-10,0.025047951176983435047951177,-4880.2519616390584132519616391
"F3660289      ",15,2022-06-10,0.0118798955613577023498694517,-4959.8250652741514360313315927
"F3660289      ",37,2022-06-10,-0.1498045602605863192182410423,-49.467426710097719869706840391
"F3660289      ",37,2022-06-11,-0.288319327731092436974789916,-84.41736694677871148459383754
"F3660289      ",14,2022-06-11,0.004080996884735202492211838,-4892.1464174454828660436137072
"F3660289      ",15,2022-06-11,0.0148356807511737089201877934,-4954.676056338028169014084507
"B5582642      ",3,2022-06-11,0.2470045045045045045045045045,-7.5822072072072072072072072072
"B5582642      ",3,2022-06-13,-0.0517297297297297297297297297,-8.211411411411411411411411411
"F3660289      ",37,2022-06-13,-0.1285689354275741710296684119,-81.46945898778359511343804538
"F3660289      ",14,2022-06-13,0.0074529914529914529914529915,-4890.6111111111111111111111111
"F3660289      ",15,2022-06-13,0.0131701030927835051546391753,-4954.7654639175257731958762887
"B5582642      ",3,2022-06-12,0.3557777777777777777777777778,-7.0592592592592592592592592593
"F3660289      ",14,2022-06-12,-0.0988073394495412844036697248,-4876.6880733944954128440366972
"B5582642      ",3,2022-06-14,0.1960111910471622701838529177,-7.7122302158273381294964028777
"F3660289      ",37,2022-06-14,-0.2006849315068493150684931507,-80.23287671232876712328767123
"F3660289      ",14,2022-06-14,-0.018872017353579175704989154,-4884.1323210412147505422993492
"F3660289      ",15,2022-06-14,-0.0107467532467532467532467532,-4956.2142857142857142857142857
"F3660289      ",14,2022-06-15,0.0067263681592039800995024876,-4871.4497512437810945273631841
"F3660289      ",15,2022-06-15,0.0227327327327327327327327327,-4955.4744744744744744744744745
"B5582642      ",3,2022-06-15,0.1981772334293948126801152738,-7.3782420749279538904899135447
"F3660289      ",37,2022-06-15,-0.3567664670658682634730538922,-66.175648702594810379241516966
"B5582642      ",3,2022-06-16,-0.2030475086906141367323290846,-8.16685979142526071842410197
"F3660289      ",37,2022-06-16,-0.0986449399656946826758147513,-73.926243567753001715265866209
"F3660289      ",14,2022-06-16,0.0046606704824202780049059689,-4879.745707277187244480784955
"F3660289      ",15,2022-06-16,0.0219024390243902439024390244,-4951.1463414634146341463414634
"B5582642      ",3,2022-06-17,0.0093349455864570737605804111,-7.7853688029020556227327690447
"F3660289      ",37,2022-06-17,-0.1264837049742710120068610635,-93.09262435677530017152658662
"F3660289      ",14,2022-06-17,0.0036394271272114574557708509,-4890.4751474304970513900589722
"F3660289      ",15,2022-06-17,0.0101007556675062972292191436,-4954.7959697732997481108312343
"F3660289      ",37,2022-06-18,-0.008746594005449591280653951,-92.74659400544959128065395095
"F3660289      ",14,2022-06-18,-0.104125,-4897.8083333333333333333333333
"B5582642      ",3,2022-06-18,0.0407800650054171180931744312,-7.949079089924160346695557963
"F3660289      ",15,2022-06-18,0.0147413793103448275862068966,-4963.7758620689655172413793103
"F3660289      ",14,2022-06-19,0.015,-4914.7924528301886792452830189
"B5582642      ",3,2022-06-19,0.0307913669064748201438848921,-7.3525179856115107913669064748
"F3660289      ",37,2022-06-20,-0.1655555555555555555555555556,-79.61857379767827529021558872
"F3660289      ",14,2022-06-20,-0.031587436332767402376910017,-4888.390492359932088285229202
"F3660289      ",15,2022-06-20,0.0106185567010309278350515464,-4963.3505154639175257731958763
"B5582642      ",3,2022-06-20,0.095057471264367816091954023,-7.1436781609195402298850574713
"B5582642      ",3,2022-06-21,0.1769119496855345911949685535,-7.1106918238993710691823899371
"F3660289      ",37,2022-06-21,-0.2400165289256198347107438017,-47.973553719008264462809917355
"F3660289      ",14,2022-06-21,-0.0384254606365159128978224456,-4884.7688442211055276381909548
"F3660289      ",15,2022-06-21,-0.0031979695431472081218274112,-4962.1065989847715736040609137
"F3660289      ",14,2022-06-22,-0.008294797687861271676300578,-4860.0231213872832369942196532
"F3660289      ",15,2022-06-22,-0.0133913043478260869565217391,-4966.7608695652173913043478261
"B5582642      ",3,2022-06-22,0.271811023622047244094488189,-7.583802024746906636670416198
"F3660289      ",37,2022-06-22,-0.5198469387755102040816326531,-67.420918367346938775510204082
"F3660289      ",14,2022-06-26,-0.1116793893129770992366412214,-4871.4961832061068702290076336
"B5582642      ",3,2022-06-26,-0.192012987012987012987012987,-8.162337662337662337662337662
"F3660289      ",37,2022-06-27,-0.2238435940099833610648918469,-54.178036605657237936772046589
"B5582642      ",3,2022-06-27,0.0020153550863723608445297505,-7.5348688419705694177863083813
"F3660289      ",14,2022-06-27,-0.0621225194132873166522864538,-4898.6893874029335634167385677
"F3660289      ",15,2022-06-27,-0.0152604166666666666666666667,-4971.6067708333333333333333333
"B5582642      ",3,2022-06-28,0.0018226906385616862988220707,-7.3961562306261624302541847489
"F3660289      ",37,2022-06-28,-0.255768621236133122028526149,-49.538827258320126782884310618
"F3660289      ",14,2022-06-28,-0.0290854184641932700603968939,-4880.1104400345125107851596204
"F3660289      ",15,2022-06-28,-0.0428172588832487309644670051,-4960.2868020304568527918781726
"B5582642      ",3,2022-06-29,-0.1878414351851851851851851852,-7.98900462962962962962962963
"F3660289      ",14,2022-06-29,-0.0661489698890649762282091918,-4875.9231378763866877971473851
"F3660289      ",15,2022-06-29,0.0120443349753694581280788177,-4951.5123152709359605911330049
"F3660289      ",37,2022-06-29,-0.3128909952606635071090047393,-59.050552922590837282780410742
"B5582642      ",3,2022-06-30,-0.1881532004197271773347324239,-7.871983210912906610703043022
"F3660289      ",14,2022-06-30,-0.0812693935119887165021156559,-4869.476727785613540197461213
"F3660289      ",15,2022-06-30,-0.0240517241379310344827586207,-4964.9137931034482758620689655
"F3660289      ",37,2022-06-30,-0.1973333333333333333333333333,-69.171428571428571428571428571
"B5582642      ",3,2022-07-03,-0.1447321428571428571428571429,-7.25
"F3660289      ",14,2022-07-04,-0.0941896551724137931034482759,-4862.9784482758620689655172414
"F3660289      ",15,2022-07-04,-0.00408,-4960.5226666666666666666666667
"B5582642      ",3,2022-07-04,0.0336535433070866141732283465,-7.6622047244094488188976377953
"F3660289      ",37,2022-07-04,-0.1912581699346405228758169935,-44.972222222222222222222222222
"F3660289      ",37,2022-07-05,-0.1213731825525040387722132472,-68.983844911147011308562197092
"F3660289      ",14,2022-07-05,-0.0657497857754927163667523565,-4860.6118251928020565552699229
"F3660289      ",15,2022-07-05,-0.0132291666666666666666666667,-4963.3697916666666666666666667
"B5582642      ",3,2022-07-05,-0.1381914893617021276595744681,-7.7541371158392434988179669031
"B5582642      ",3,2022-07-06,-0.1777327422419252691576947435,-8.044331855604813172894236859
"F3660289      ",14,2022-07-06,-0.0761578947368421052631578947,-4852.4491228070175438596491228
"F3660289      ",15,2022-07-06,0.0028455284552845528455284553,-4955.620596205962059620596206
"F3660289      ",37,2022-07-06,-0.1749559082892416225749559083,-52.319223985890652557319223986
"F3660289      ",14,2022-07-07,-0.0159331476323119777158774373,-4861.2599814298978644382544104
"F3660289      ",15,2022-07-07,-0.021871508379888268156424581,-4962.8519553072625698324022346
"B5582642      ",3,2022-07-07,0.0073473541383989145183175034,-7.8303934871099050203527815468
"F3660289      ",37,2022-07-07,-0.2241477272727272727272727273,-64.636363636363636363636363636
"F3660289      ",15,2022-07-08,0.0268617021276595744680851064,-4952.6143617021276595744680851
"B5582642      ",3,2022-07-08,-0.0276751394916305021698698078,-7.8487290762554246745195288283
"F3660289      ",37,2022-07-08,-0.5313432835820895522388059701,-40.593698175787728026533996683
"F3660289      ",14,2022-07-08,-0.0944716821639898562975486052,-4864.8233305156382079459002536
"B5582642      ",3,2022-07-09,0.1471394230769230769230769231,-7.6514423076923076923076923077
"F3660289      ",14,2022-07-09,-0.0193333333333333333333333333,-4875.6095238095238095238095238
"F3660289      ",15,2022-07-09,0.0093203883495145631067961165,-4973.0388349514563106796116505
"F3660289      ",37,2022-07-09,-0.0484571428571428571428571429,-47.462857142857142857142857143
"B5582642      ",3,2022-07-10,0.3722950819672131147540983607,-6.2622950819672131147540983607
"B5582642      ",3,2022-07-11,0.1103158559696778269109286166,-7.2331017056222362602653190145
"F3660289      ",14,2022-07-11,-0.0432606873428331936295054484,-4844.7887678122380553227158424
"F3660289      ",15,2022-07-11,-0.0064376590330788804071246819,-4964.8066157760814249363867684
"F3660289      ",37,2022-07-11,-0.5520867768595041322314049587,-43.855371900826446280991735537
"B5582642      ",3,2022-07-12,-0.100551849605821710127349909,-7.986052152819890842935112189
"F3660289      ",14,2022-07-12,-0.0438785834738617200674536256,-4862.1146711635750421585160202
"F3660289      ",15,2022-07-12,0.0146891191709844559585492228,-4958.4533678756476683937823834
"F3660289      ",37,2022-07-12,-0.2803409090909090909090909091,-49.837121212121212121212121212
"B5582642      ",3,2022-07-13,-0.0053578732106339468302658487,-7.6782549420586230402181322427
"F3660289      ",37,2022-07-13,-0.1485161290322580645161290323,-27.834408602150537634408602151
"F3660289      ",14,2022-07-13,-0.0487826871055004508566275924,-4877.4724977457168620378719567
"F3660289      ",15,2022-07-13,-0.0108196721311475409836065574,-4963.1530054644808743169398907
"B5582642      ",3,2022-07-14,0.0567282809611829944547134935,-7.1829944547134935304990757856
"F3660289      ",14,2022-07-14,-0.0440882002383790226460071514,-4885.4421930870083432657926103
"F3660289      ",15,2022-07-14,0.0335424354243542435424354244,-4961.2804428044280442804428044
"F3660289      ",37,2022-07-14,-0.2433870967741935483870967742,-53.354838709677419354838709677
"B5582642      ",3,2022-07-15,-0.0264365671641791044776119403,-7.6119402985074626865671641791
"F3660289      ",37,2022-07-15,-0.0985942492012779552715654952,-38.987220447284345047923322684
"F3660289      ",14,2022-07-15,-0.0178423772609819121447028424,-4868.031007751937984496124031
"F3660289      ",15,2022-07-15,0.028622047244094488188976378,-4963.6929133858267716535433071
"B5582642      ",3,2022-07-16,-0.1216314779270633397312859885,-8.587332053742802303262955854
"F3660289      ",37,2022-07-16,-0.381686046511627906976744186,-76.930232558139534883720930233
"F3660289      ",14,2022-07-16,0.0274074074074074074074074074,-4858.1931216931216931216931217
"F3660289      ",15,2022-07-16,-0.0084496124031007751937984496,-4975.0775193798449612403100775
"F3660289      ",14,2022-07-18,-0.0254212454212454212454212454,-4874.3821733821733821733821734
"F3660289      ",15,2022-07-18,-0.0315693430656934306569343066,-4962.992700729927007299270073
"B5582642      ",3,2022-07-18,0.1112487804878048780487804878,-7.1287804878048780487804878049
"F3660289      ",37,2022-07-18,-0.0152486187845303867403314917,-59.624309392265193370165745856
"F3660289      ",14,2022-07-19,-0.0247908232118758434547908232,-4869.0364372469635627530364372
"B5582642      ",3,2022-07-19,0.1191372549019607843137254902,-7.318627450980392156862745098
"F3660289      ",15,2022-07-19,0.0151229508196721311475409836,-4949.0696721311475409836065574
"F3660289      ",37,2022-07-19,-0.3035549132947976878612716763,-46.606936416184971098265895954
"F3660289      ",37,2022-07-20,-0.305748031496062992125984252,-58.732283464566929133858267717
"B5582642      ",3,2022-07-20,0.1494319206492335437330928765,-7.3868349864743011722272317403
"F3660289      ",14,2022-07-20,-0.0223706377858002406738868833,-4873.210589651022864019253911
"F3660289      ",15,2022-07-20,-0.0028519855595667870036101083,-4963.6101083032490974729241877
"F3660289      ",14,2022-07-21,-0.0126295828065739570164348925,-4882.404551201011378002528445
"F3660289      ",15,2022-07-21,-0.0107142857142857142857142857,-4956.612781954887218045112782
"B5582642      ",3,2022-07-21,-0.2061976847729296527159394479,-7.4256455921638468388245770258
"F3660289      ",37,2022-07-21,-0.2612702702702702702702702703,-75.47027027027027027027027027
"F3660289      ",15,2022-07-22,0.0146590909090909090909090909,-4947.5151515151515151515151515
"B5582642      ",3,2022-07-22,-0.0245750452079566003616636528,-8.167269439421338155515370705
"F3660289      ",37,2022-07-22,-0.3413636363636363636363636364,-53.339572192513368983957219251
"F3660289      ",14,2022-07-22,-0.0419702602230483271375464684,-4879.7781908302354399008674102
"B5582642      ",3,2022-07-23,0.1354174228675136116152450091,-7.2368421052631578947368421053
"F3660289      ",14,2022-07-23,-0.0531227217496962332928311057,-4892.7509113001215066828675577
"F3660289      ",15,2022-07-23,0.0166044776119402985074626866,-4950.9962686567164179104477612
"F3660289      ",37,2022-07-23,-0.0790441176470588235294117647,-74.840686274509803921568627451
"F3660289      ",37,2022-07-25,-0.2462138728323699421965317919,-64.208092485549132947976878613
"B5582642      ",3,2022-07-25,0.2633270321361058601134215501,-7.5349716446124763705103969754
"F3660289      ",14,2022-07-25,-0.0348125,-4880.085
"F3660289      ",15,2022-07-25,-0.0011787072243346007604562738,-4957.752851711026615969581749
"B5582642      ",3,2022-07-26,-0.0059645852749301025163094129,-7.3727865796831314072693383038
"F3660289      ",37,2022-07-26,-0.1726807228915662650602409639,-56.183734939759036144578313253
"F3660289      ",14,2022-07-26,-0.059164490861618798955613577,-4890.4046997389033942558746736
"F3660289      ",15,2022-07-26,0.0338775510204081632653061224,-4959.0448979591836734693877551
"F3660289      ",14,2022-07-27,-0.0048886138613861386138613861,-4903.5445544554455445544554455
"F3660289      ",15,2022-07-27,0.0192134831460674157303370787,-4968.2397003745318352059925094
"B5582642      ",3,2022-07-27,0.1674184782608695652173913043,-7.7065217391304347826086956522
"F3660289      ",37,2022-07-27,-0.1897727272727272727272727273,-72.856060606060606060606060606
"B5582642      ",3,2022-07-28,0.2065700934579439252336448598,-7.4981308411214953271028037383
"F3660289      ",37,2022-07-28,-0.3989834515366430260047281324,-2.241134751773049645390070922
"F3660289      ",14,2022-07-28,-0.0263518758085381630012936611,-4890.2936610608020698576972833
"F3660289      ",15,2022-07-28,0.024150197628458498023715415,-4957.8221343873517786561264822
"F3660289      ",14,2022-07-29,-0.0194240837696335078534031414,-4884.8494764397905759162303665
"F3660289      ",15,2022-07-29,0.0207936507936507936507936508,-4968.6904761904761904761904762
"B5582642      ",3,2022-07-29,0.306460513796384395813510942,-7.3244529019980970504281636537
"F3660289      ",37,2022-07-29,-0.1396969696969696969696969697,-73.836363636363636363636363636
"F3660289      ",14,2022-07-30,-0.0311458333333333333333333333,-4867.40234375
"F3660289      ",15,2022-07-30,0.032489959839357429718875502,-4962.1244979919678714859437751
"B5582642      ",3,2022-07-30,0.1085990783410138248847926267,-7.7474654377880184331797235023
"F3660289      ",37,2022-07-30,-0.1499096385542168674698795181,-15.189759036144578313253012048
"F3660289      ",14,2022-08-01,-0.0234526854219948849104859335,-4894.8823529411764705882352941
"F3660289      ",15,2022-08-01,0.02609375,-4965.31640625
"B5582642      ",3,2022-08-01,-0.0927264409881061299176578225,-7.5187557182067703568161024703
"F3660289      ",37,2022-08-01,-0.0910557184750733137829912023,-44.017595307917888563049853372
"B5582642      ",3,2022-08-02,0.0459069325735992402659069326,-6.9021842355175688509021842355
"F3660289      ",14,2022-08-02,-0.0550134408602150537634408602,-4860.5067204301075268817204301
"F3660289      ",15,2022-08-02,0.0152697095435684647302904564,-4965.0082987551867219917012448
"F3660289      ",37,2022-08-02,-0.3326857142857142857142857143,-27.305714285714285714285714286
"B5582642      ",3,2022-08-03,0.1511585944919278252611585945,-7.7046533713200379867046533713
"F3660289      ",14,2022-08-03,-0.0175128205128205128205128205,-4891.6897435897435897435897436
"F3660289      ",15,2022-08-03,0.0018181818181818181818181818,-4961.905303030303030303030303
"F3660289      ",37,2022-08-03,-0.1323529411764705882352941176,-52.305882352941176470588235294
"F3660289      ",14,2022-08-04,-0.0191001267427122940430925222,-4879.4245880861850443599493029
"B5582642      ",3,2022-08-04,0.097516158818097876269621422,-7.7072945521698984302862419206
"F3660289      ",15,2022-08-04,0.0171705426356589147286821705,-4961.3875968992248062015503876
"F3660289      ",37,2022-08-04,-0.3774006116207951070336391437,-0.0275229357798165137614678899
"B5582642      ",3,2022-08-05,0.1935169082125603864734299517,-7.2599033816425120772946859903
"F3660289      ",37,2022-08-05,-0.1167973856209150326797385621,-55.486928104575163398692810458
"F3660289      ",14,2022-08-05,-0.0080420499342969776609724047,-4882.7030223390275952693823916
"F3660289      ",15,2022-08-05,0.035685483870967741935483871,-4955.2459677419354838709677419
"B5582642      ",3,2022-08-06,0.0032456935630099728014505893,-7.6727107887579329102447869447
"F3660289      ",37,2022-08-06,-0.1271052631578947368421052632,-69.466165413533834586466165414
"F3660289      ",14,2022-08-06,0.0049224806201550387596899225,-4854.5413436692506459948320413
"F3660289      ",15,2022-08-06,0.0240856031128404669260700389,-4951.7626459143968871595330739
"F3660289      ",37,2022-08-08,-0.0567477203647416413373860182,-63.142857142857142857142857143
"B5582642      ",3,2022-08-08,0.0773818181818181818181818182,-8.002727272727272727272727273
"F3660289      ",14,2022-08-08,-0.0002386934673366834170854271,-4852.253768844221105527638191
"F3660289      ",15,2022-08-08,0.0290421455938697318007662835,-4963.7394636015325670498084291
"B5582642      ",3,2022-08-09,0.1383240223463687150837988827,-7.1964618249534450651769087523
"F3660289      ",14,2022-08-09,0.0059974587039390088945362135,-4863.2655654383735705209656925
"F3660289      ",15,2022-08-09,0.0346718146718146718146718147,-4960.7760617760617760617760618
"F3660289      ",37,2022-08-09,-0.0883285302593659942363112392,-67.233429394812680115273775216
"B5582642      ",3,2022-08-10,0.1476952022577610536218250235,-7.3913452492944496707431796802
"F3660289      ",37,2022-08-10,-0.0664723926380368098159509202,-70.742331288343558282208588957
"F3660289      ",14,2022-08-10,-0.0082973316391359593392630241,-4860.6327827191867852604828463
"F3660289      ",15,2022-08-10,0.0161153846153846153846153846,-4963.0269230769230769230769231
"B5582642      ",3,2022-08-11,0.0932302092811646951774340309,-7.6005459508644222020018198362
"F3660289      ",37,2022-08-11,-0.1038375350140056022408963585,-39.647058823529411764705882353
"F3660289      ",14,2022-08-11,0.0110478654592496765847347995,-4876.2664941785252263906856404
"F3660289      ",15,2022-08-11,0.0340392156862745098039215686,-4965.3921568627450980392156863
"F3660289      ",37,2022-08-12,-0.2378795811518324607329842932,-72.667539267015706806282722513
"B5582642      ",3,2022-08-12,0.277057195571955719557195572,-7.5119926199261992619926199262
"F3660289      ",14,2022-08-12,0.0240953545232273838630806846,-4864.3545232273838630806845966
"F3660289      ",15,2022-08-12,0.0192592592592592592592592593,-4961.6259259259259259259259259
"B5582642      ",3,2022-08-13,0.2262418604651162790697674419,-7.2576744186046511627906976744
"F3660289      ",14,2022-08-13,0.019016189290161892901618929,-4862.3038605230386052303860523
"F3660289      ",15,2022-08-13,0.0196254681647940074906367041,-4967.0374531835205992509363296
"F3660289      ",37,2022-08-13,-0.0888055555555555555555555556,-71.766666666666666666666666667
"B5582642      ",3,2022-08-15,0.340281553398058252427184466,-7.6097087378640776699029126214
"F3660289      ",37,2022-08-15,-0.0918857142857142857142857143,-54.585714285714285714285714286
"F3660289      ",14,2022-08-15,0.0243089430894308943089430894,-4876.7899728997289972899728997
"F3660289      ",15,2022-08-15,0.0190612244897959183673469388,-4962.0734693877551020408163265
"B5582642      ",3,2022-08-16,0.1417914691943127962085308057,-7.4777251184834123222748815166
"F3660289      ",14,2022-08-16,0.0160105680317040951122853369,-4868.272126816380449141347424
"F3660289      ",15,2022-08-16,0.0322088353413654618473895582,-4965.8875502008032128514056225
"F3660289      ",37,2022-08-16,-0.2166666666666666666666666667,-38.262295081967213114754098361
"B5582642      ",3,2022-08-17,0.2975047619047619047619047619,-7.8695238095238095238095238095
"F3660289      ",14,2022-08-17,-0.0208852867830423940149625935,-4862.6970074812967581047381546
"F3660289      ",15,2022-08-17,0.0325670498084291187739463602,-4962.9693486590038314176245211
"F3660289      ",37,2022-08-17,-0.1005691056910569105691056911,-61.544715447154471544715447154
"F3660289      ",14,2022-08-18,-0.0221098626716604244694132335,-4876.8888888888888888888888889
"F3660289      ",15,2022-08-18,0.0321538461538461538461538462,-4969.0269230769230769230769231
"B5582642      ",3,2022-08-18,0.1186097794822627037392138063,-7.5244487056567593480345158198
"F3660289      ",37,2022-08-18,-0.189604316546762589928057554,-70.690647482014388489208633094
"F3660289      ",15,2022-08-19,0.0276492537313432835820895522,-4958.4402985074626865671641791
"B5582642      ",3,2022-08-19,0.2249096098953377735490009515,-7.0504281636536631779257849667
"F3660289      ",37,2022-08-19,-0.0757142857142857142857142857,-90.97142857142857142857142857
"F3660289      ",14,2022-08-19,0.0155569306930693069306930693,-4876.9492574257425742574257426
"B5582642      ",3,2022-08-22,0.2106220984215413184772516249,-7.3091922005571030640668523677
"F3660289      ",14,2022-08-22,0.0196653796653796653796653797,-4865.2818532818532818532818533
"F3660289      ",15,2022-08-22,0.0325680933852140077821011673,-4955.6031128404669260700389105
"F3660289      ",37,2022-08-22,-0.0415744680851063829787234043,-20.63404255319148936170212766
"B5582642      ",3,2022-08-23,-0.773063725490196078431372549,-8.658496732026143790849673203
"F3660289      ",14,2022-08-23,0.0301910828025477707006369427,-4899.6993630573248407643312102
"F3660289      ",15,2022-08-23,0.0318846153846153846153846154,-4966.7115384615384615384615385
"F3660289      ",37,2022-08-23,-0.1707662835249042145593869732,-76.360153256704980842911877395
"B5582642      ",3,2022-08-24,-0.0414678899082568807339449541,-7.3495412844036697247706422018
"F3660289      ",14,2022-08-24,0.0200505689001264222503160556,-4899.7673830594184576485461441
"F3660289      ",15,2022-08-24,0.0329118773946360153256704981,-4972.0919540229885057471264368
"F3660289      ",37,2022-08-24,-0.159756097560975609756097561,-51.788617886178861788617886179
"F3660289      ",37,2022-08-25,-0.1443902439024390243902439024,-35.90243902439024390243902439
"F3660289      ",14,2022-08-25,0.021459667093469910371318822,-4885.2637644046094750320102433
"F3660289      ",15,2022-08-25,0.0295,-4966.25
"B5582642      ",3,2022-08-25,-0.058087188612099644128113879,-7.3976868327402135231316725979
"F3660289      ",14,2022-08-26,0.0201155327342747111681643132,-4892.7150192554557124518613607
"F3660289      ",15,2022-08-26,0.03203125,-4957.7890625
"B5582642      ",3,2022-08-26,0.1998376313276026743075453677,-7.2340019102196752626552053486
"F3660289      ",37,2022-08-26,-0.2728214285714285714285714286,-41.35
"F3660289      ",15,2022-08-27,0.0212015503875968992248062016,-4950.4612403100775193798449612
"B5582642      ",3,2022-08-27,-0.0586599817684594348222424795,-6.7028258887876025524156791249
"F3660289      ",14,2022-08-27,0.0094005102040816326530612245,-4881.8852040816326530612244898
"F3660289      ",37,2022-08-27,-0.2907942238267148014440433213,-54.776173285198555956678700361
"F3660289      ",37,2022-08-29,-0.2282903225806451612903225806,-50.196774193548387096774193548
"B5582642      ",3,2022-08-29,0.0176380952380952380952380952,-7.3028571428571428571428571429
"F3660289      ",14,2022-08-29,0.039783197831978319783197832,-4881.7262872628726287262872629
"F3660289      ",15,2022-08-29,0.0137096774193548387096774194,-4967.7217741935483870967741935
"B5582642      ",3,2022-08-30,0.0376022304832713754646840149,-7.039033457249070631970260223
"F3660289      ",14,2022-08-30,0.0316297262059973924380704042,-4878.0795306388526727509778357
"F3660289      ",15,2022-08-30,0.0359607843137254901960784314,-4957.513725490196078431372549
"F3660289      ",37,2022-08-30,-0.1530827067669172932330827068,-45.785714285714285714285714286
"B5582642      ",3,2022-08-31,-0.0761080586080586080586080586,-7.3635531135531135531135531136
"F3660289      ",37,2022-08-31,-0.2831460674157303370786516854,-41.224719101123595505617977528
"F3660289      ",14,2022-08-31,0.0120503144654088050314465409,-4872.5635220125786163522012579
"F3660289      ",15,2022-08-31,0.0187072243346007604562737643,-4953.2015209125475285171102662
"B5582642      ",3,2022-09-01,0.0656619718309859154929577465,-6.9154929577464788732394366197
"F3660289      ",37,2022-09-01,-0.1349679487179487179487179487,-48.621794871794871794871794872
"F3660289      ",14,2022-09-01,0.0222512437810945273631840796,-4874.5
"F3660289      ",15,2022-09-01,0.0328301886792452830188679245,-4960.3509433962264150943396226
"B5582642      ",3,2022-09-02,-0.3843865842894969108561341571,-7.864077669902912621359223301
"F3660289      ",14,2022-09-02,0.0204161073825503355704697987,-4866.3100671140939597315436242
"F3660289      ",15,2022-09-02,0.034918699186991869918699187,-4956.2195121951219512195121951
"F3660289      ",37,2022-09-02,-0.2725572519083969465648854962,-5.9885496183206106870229007634
"B5582642      ",3,2022-09-03,-0.0084629294755877034358047016,-7.0009041591320072332730560579
"F3660289      ",14,2022-09-03,0.0206257982120051085568326948,-4861.7675606641123882503192848
"F3660289      ",15,2022-09-03,-0.03875,-4960.6212121212121212121212121
"F3660289      ",37,2022-09-03,-0.7570919881305637982195845697,37.317507418397626112759643917
"B5582642      ",3,2022-09-05,0.2371757925072046109510086455,-7.0528338136407300672430355427
"F3660289      ",37,2022-09-05,-0.2343220338983050847457627119,-20.987288135593220338983050847
"F3660289      ",14,2022-09-05,0.0319098143236074270557029178,-4864.5490716180371352785145889
"F3660289      ",15,2022-09-05,0.0294422310756972111553784861,-4956.5338645418326693227091633
"F3660289      ",37,2022-09-06,-0.2510756972111553784860557769,-25.191235059760956175298804781
"B5582642      ",3,2022-09-06,-0.067053903345724907063197026,-7.6812267657992565055762081784
"F3660289      ",14,2022-09-06,0.0186824769433465085638998682,-4875.2924901185770750988142292
"F3660289      ",15,2022-09-06,0.029920318725099601593625498,-4966.0677290836653386454183267
"B5582642      ",3,2022-09-07,-0.3336579170194750211685012701,-8.243861134631668077900084674
"F3660289      ",14,2022-09-07,0.0187852760736196319018404908,-4870.4552147239263803680981595
"F3660289      ",15,2022-09-07,0.0222761194029850746268656716,-4960.4365671641791044776119403
"F3660289      ",37,2022-09-07,-0.1586708860759493670886075949,-38.71202531645569620253164557
"B5582642      ",3,2022-09-08,0.2297507190795781399808245446,-7.30393096836049856184084372
"F3660289      ",37,2022-09-08,-0.2180916030534351145038167939,-42.961832061068702290076335878
"F3660289      ",14,2022-09-08,0.0316998671978751660026560425,-4859.3505976095617529880478088
"F3660289      ",15,2022-09-08,0.03524,-4966.172
"B5582642      ",3,2022-09-09,-0.2125043478260869565217391304,-7.9226086956521739130434782609
"F3660289      ",14,2022-09-09,0.0296700507614213197969543147,-4856.7880710659898477157360406
"F3660289      ",15,2022-09-09,0.0282509505703422053231939163,-4955.9847908745247148288973384
"F3660289      ",37,2022-09-09,-0.2289962825278810408921933086,-47.182156133828996282527881041
"B5582642      ",3,2022-09-10,0.1917545638945233265720081136,-6.6997971602434077079107505071
"F3660289      ",37,2022-09-10,-0.125601659751037344398340249,-64.539419087136929460580912863
"F3660289      ",14,2022-09-10,0.0328530670470756062767475036,-4862.3566333808844507845934379
"F3660289      ",15,2022-09-10,0.0322746781115879828326180258,-4970.5278969957081545064377682
"F3660289      ",37,2022-09-12,-0.059963503649635036496350365,-65.547445255474452554744525547
"F3660289      ",14,2022-09-12,0.0157477243172951885565669701,-4869.174252275682704811443433
"F3660289      ",15,2022-09-12,0.0329921259842519685039370079,-4968.7007874015748031496062992
"B5582642      ",3,2022-09-12,-0.3981358885017421602787456446,-8.601916376306620209059233449
"B5582642      ",3,2022-09-13,0.1762477396021699819168173599,-6.797468354430379746835443038
"F3660289      ",37,2022-09-13,-0.4060126582278481012658227848,-13.291139240506329113924050633
"F3660289      ",14,2022-09-13,0.0200256081946222791293213828,-4852.2112676056338028169014085
"F3660289      ",15,2022-09-13,0.0078461538461538461538461538,-4960.9769230769230769230769231
"F3660289      ",37,2022-09-14,-0.4030479452054794520547945205,-54.712328767123287671232876712
"F3660289      ",14,2022-09-14,-0.0030989583333333333333333333,-4859.84375
"B5582642      ",3,2022-09-14,-0.2334383438343834383438343834,-7.963996399639963996399639964
"F3660289      ",15,2022-09-14,0.0054545454545454545454545455,-4946.9486166007905138339920949
"B5582642      ",3,2022-09-15,-0.634944,-9.176
"F3660289      ",37,2022-09-15,-0.1527208480565371024734982332,-67.212014134275618374558303887
"F3660289      ",14,2022-09-15,-0.0070388349514563106796116505,-4887.8203883495145631067961165
"F3660289      ",15,2022-09-15,0.010625,-4972.6875
"F3660289      ",37,2022-09-16,-0.506996336996336996336996337,25.776556776556776556776556777
"B5582642      ",3,2022-09-16,0.1375251677852348993288590604,-7.4572147651006711409395973154
"F3660289      ",14,2022-09-16,0.0260070671378091872791519435,-4880.4876325088339222614840989
"F3660289      ",15,2022-09-16,0.028825622775800711743772242,-4965.6014234875444839857651246
"B5582642      ",3,2022-09-21,-0.235189982728842832469775475,-8.574265975820379965457685665
"F3660289      ",37,2022-09-21,-0.3179518072289156626506024096,-75.746987951807228915662650602
"F3660289      ",14,2022-09-21,0.0226568265682656826568265683,-4892.8450184501845018450184502
"F3660289      ",15,2022-09-21,0.0361940298507462686567164179,-4968.6305970149253731343283582
"B5582642      ",3,2022-09-22,0.1530464824120603015075376884,-7.616834170854271356783919598
"F3660289      ",14,2022-09-22,0.0239126637554585152838427948,-4883.2934497816593886462882096
"F3660289      ",15,2022-09-22,0.0146719160104986876640419948,-4963.498687664041994750656168
"F3660289      ",37,2022-09-22,-0.1401061007957559681697612732,-57.636604774535809018567639257
"B5582642      ",3,2022-09-23,0.1632090545938748335552596538,-7.5579227696404793608521970706
"F3660289      ",37,2022-09-23,-0.1736565096952908587257617729,-63.537396121883656509695290859
"F3660289      ",14,2022-09-23,0.006743970315398886827458256,-4868.0473098330241187384044527
"F3660289      ",15,2022-09-23,0.0194677871148459383753501401,-4972.3025210084033613445378151
"B5582642      ",3,2022-09-24,0.2805066666666666666666666667,-7.08
"F3660289      ",37,2022-09-24,-0.7242857142857142857142857143,-67.923809523809523809523809524
"F3660289      ",14,2022-09-24,-0.0770866141732283464566929134,-4861.1023622047244094488188976
"F3660289      ",14,2022-09-25,0.0454166666666666666666666667,-4870.2222222222222222222222222
"B5582642      ",3,2022-09-25,0.3691925465838509316770186335,-7.1118012422360248447204968944
"F3660289      ",37,2022-09-26,-0.2463157894736842105263157895,-26.571428571428571428571428571
"F3660289      ",14,2022-09-26,0.0024351464435146443514644351,-4867.9322175732217573221757322
"F3660289      ",15,2022-09-26,-0.004125,-4968.51
"B5582642      ",3,2022-09-26,-0.0861677419354838709677419355,-7.821935483870967741935483871
"F3660289      ",14,2022-09-27,-0.0075423728813559322033898305,-4872.480508474576271186440678
"F3660289      ",15,2022-09-27,0.0283462532299741602067183463,-4957.9121447028423772609819121
"B5582642      ",3,2022-09-27,0.0489054726368159203980099502,-7.5261194029850746268656716418
"F3660289      ",37,2022-09-27,-0.2296341463414634146341463415,-55.351219512195121951219512195
"B5582642      ",3,2022-09-28,0.1525602027883396704689480355,-7.6242078580481622306717363752
"F3660289      ",37,2022-09-28,-0.1158373205741626794258373206,-57.050239234449760765550239234
"F3660289      ",14,2022-09-28,0.0045328719723183391003460208,-4875.6133217993079584775086505
"F3660289      ",15,2022-09-28,0.0131070496083550913838120104,-4969.4334203655352480417754569
"F3660289      ",14,2022-09-29,0.003210702341137123745819398,-4863.6596989966555183946488294
"F3660289      ",15,2022-09-29,0.0180867346938775510204081633,-4957.1530612244897959183673469
"B5582642      ",3,2022-09-29,0.0780169286577992744860943168,-7.2043530834340991535671100363
"F3660289      ",37,2022-09-29,-0.2519476744186046511627906977,-67.90406976744186046511627907
"B5582642      ",3,2022-09-30,-0.0125,-7.1270949720670391061452513966
"F3660289      ",14,2022-09-30,0.0209404990403071017274472169,-4872.6583493282149712092130518
"F3660289      ",15,2022-09-30,0.0095375722543352601156069364,-4971.2774566473988439306358382
"F3660289      ",37,2022-09-30,-0.2670909090909090909090909091,-2.55
"F3660289      ",14,2022-10-02,0.0232330827067669172932330827,-4894.2481203007518796992481203
"B5582642      ",3,2022-10-02,-0.0077876106194690265486725664,-7.1106194690265486725663716814
"F3660289      ",37,2022-10-03,-0.2691644204851752021563342318,-39.571428571428571428571428571
"B5582642      ",3,2022-10-03,-0.0701797892126472411655300682,-7.6261624302541847489150650961
"F3660289      ",14,2022-10-03,0.0088035714285714285714285714,-4891.2955357142857142857142857
"F3660289      ",15,2022-10-03,0.0350677506775067750677506775,-4962.0460704607046070460704607
"B5582642      ",3,2022-10-04,-0.2227192466156562683931724544,-7.5603296056503825779870512066
"F3660289      ",37,2022-10-04,-0.1785333333333333333333333333,-37.286666666666666666666666667
"F3660289      ",14,2022-10-04,-0.0008474576271186440677966102,-4892.6245762711864406779661017
"F3660289      ",15,2022-10-04,-0.0053076923076923076923076923,-4962.2384615384615384615384615
"F3660289      ",37,2022-10-05,-0.4016360294117647058823529412,-46.163602941176470588235294118
"F3660289      ",14,2022-10-05,0.0024097397145256087321578505,-4859.6448362720403022670025189
"F3660289      ",15,2022-10-05,0.0057106598984771573604060914,-4954.436548223350253807106599
"B5582642      ",3,2022-10-05,-0.1508323281061519903498190591,-7.485524728588661037394451146
"B5582642      ",3,2022-10-06,-0.4474885057471264367816091954,-8.156896551724137931034482759
"F3660289      ",37,2022-10-06,-0.2070967741935483870967741935,-60.260368663594470046082949309
"F3660289      ",14,2022-10-06,0.01063410454155955441302485,-4869.0694087403598971722365039
"F3660289      ",15,2022-10-06,0.0045077720207253886010362694,-4953.9067357512953367875647668
"B5582642      ",3,2022-10-07,-0.2367489204194941394201110426,-7.8383713756940160394818013572
"F3660289      ",14,2022-10-07,0.013132743362831858407079646,-4859.0371681415929203539823009
"F3660289      ",15,2022-10-07,0.0135372340425531914893617021,-4957.6515957446808510638297872
"F3660289      ",37,2022-10-07,-0.4030103092783505154639175258,-3.8082474226804123711340206186
"B5582642      ",3,2022-10-08,-0.2467252604166666666666666667,-7.85546875
"F3660289      ",14,2022-10-08,0.0098853868194842406876790831,-4843.0888252148997134670487106
"F3660289      ",15,2022-10-08,-0.0221813031161473087818696884,-4962.9631728045325779036827195
"F3660289      ",37,2022-10-08,-0.3408048780487804878048780488,-65.89756097560975609756097561
"B5582642      ",3,2022-10-16,-0.7004511278195488721804511278,-7.8796992481203007518796992481
"B5582642      ",3,2022-10-17,-0.1718181818181818181818181818,-7.5206060606060606060606060606
"F3660289      ",14,2022-10-17,0.016308784383318544809228039,-4860.8251996450754214729370009
"F3660289      ",15,2022-10-17,0.0056498673740053050397877984,-4961.8673740053050397877984085
"F3660289      ",37,2022-10-17,-0.3431134020618556701030927835,-45.047422680412371134020618557
"B5582642      ",3,2022-10-18,-0.101912731619844590555887627,-7.5361625821876867901972504483
"F3660289      ",14,2022-10-18,0.022748538011695906432748538,-4856.1111111111111111111111111
"F3660289      ",15,2022-10-18,0.0063157894736842105263157895,-4960.2305764411027568922305764
"F3660289      ",37,2022-10-18,-0.2881063829787234042553191489,-40.470212765957446808510638298
"F3660289      ",14,2022-10-19,0.0122727272727272727272727273,-4852.5974025974025974025974026
"F3660289      ",15,2022-10-19,0.0320987654320987654320987654,-4957.2765432098765432098765432
"B5582642      ",3,2022-10-19,0.0408980582524271844660194175,-7.4648058252427184466019417476
"F3660289      ",37,2022-10-19,-0.2490184049079754601226993865,-33.124744376278118609406952965
"B5582642      ",3,2022-10-20,-0.3384761904761904761904761905,-7.956825396825396825396825397
"F3660289      ",14,2022-10-20,0.0051377018043684710351377018,-4861.7977207977207977207977208
"F3660289      ",15,2022-10-20,0.0028530259365994236311239193,-4962.0403458213256484149855908
"F3660289      ",37,2022-10-20,-0.313062200956937799043062201,-15.358851674641148325358851675
"B5582642      ",3,2022-10-21,-0.4188610478359908883826879271,-8.316059225512528473804100228
"F3660289      ",37,2022-10-21,-0.2809414225941422594142259414,-37.964435146443514644351464435
"F3660289      ",14,2022-10-21,-0.0197295012679628064243448859,-4869.6179205409974640743871513
"F3660289      ",15,2022-10-21,0.0295348837209302325581395349,-4964.509043927648578811369509
"F3660289      ",14,2022-10-22,0.0120949720670391061452513966,-4858.4236499068901303538175047
"F3660289      ",15,2022-10-22,-0.0193036211699164345403899721,-4965.5961002785515320334261838
"B5582642      ",3,2022-10-22,0.0131788079470198675496688742,-7.964238410596026490066225166
"F3660289      ",37,2022-10-22,-0.7789134808853118712273641851,-34.651911468812877263581488934
